a,b
에빠끌라,듀오[+] 에센스 트리플 세트,유럽 NO.1* 트러블 케어 에센스 (미백 기능성) (본품 3개 묶음 제품),67500,75000,"#트러블케어에센스,#유럽NO1에센스,#미백에센스,#다크스팟케어,#에빠끌라",,True,"인공색소,파라벤,코메도제닉",/upload/product/main/2020/07/20200715_1348021_162.png뿌/upload/product/main/2020/07/20200715_1348022_163.png뿌/upload/product/main/2020/07/20200715_1350046_164.png뿌/upload/product/main/2020/07/20200715_1351005_165.png뿌/upload/product/main/2020/07/20200715_1351035_166.png뿌,True,False
오 떼르말,온천수 미스트 [300ml] + 45ml 샘플 증정,탁월한 피부진정 효과의 100% 라로슈포제 온천수,,22000,"#진정미스트,#라로슈포제온천수,#프랑스가사랑하는온천수,#스킨리밸런싱,#오떼르말",True,,"인공향,파라벤",/upload/product/main/2020/07/20200717_1757028_235.png뿌/upload/product/main/2020/06/20200713_1809021_097.png뿌/upload/product/main/2020/06/20200713_1809021_103.png뿌/upload/product/main/2020/06/20200713_1809021_104.png뿌/upload/product/main/2020/06/20200713_1809021_105.png뿌,True,False
히알루 B5,세럼 + 빛타민세럼 증정,민감피부 집중 탄력강화 세럼,,52000,"#민감피부탄력강화세럼,#진짜탄력레시피,#민감피부탄력,#민감피부세럼,#히알루B5",True,,"인공색소,파라벤,코메도제닉",/upload/product/main/2020/07/20200716_1631053_202.png뿌/upload/product/main/2020/07/20200716_1628013_199.png뿌/upload/product/main/2020/07/20200716_1628034_200.png뿌/upload/product/main/2020/07/20200716_1628053_201.png뿌/upload/product/main/2020/07/20200716_1631054_203.png뿌,True,False
퓨어 비타민 C10,항산화 앰플 세럼,순수 비타민C 저자극 항산화 앰플세럼 (주름개선 기능성 화장품),,52000,"#빛타민세럼,#항상 항산화하라,#민감피부를 위한 순수 비타민 C,#저자극 항산화,#주름개선 기능성,#순수한,#퓨어 비타민",True,,"인공색소,코메도제닉",/upload/product/main/2020/07/20200716_1624022_193.png뿌/upload/product/main/2020/07/20200716_1624022_194.png뿌/upload/product/main/2020/07/20200716_1624040_195.png뿌/upload/product/main/2020/07/20200716_1625024_196.png뿌/upload/product/main/2020/07/20200716_1625043_197.png뿌,False,False
똘러리앙,덤알레르고+샘플2종 증정,민감 피부를 위한 S.O.S 진정 보습 세럼,,45000,"#S.O.S 진정보습세럼,#민감피부세럼,#피부장벽강화,#48시간수분지속",True,,"인공향,에탄올",/upload/product/main/2020/07/20200716_1622039_192.png뿌/upload/product/main/2020/06/20200713_1806039_073.png뿌,False,True
똘러리앙,울트라 로션 + 크림 세트,피부 진정 및 피부 장벽을 강화시켜주는 크림 (촉촉한 타입),,56000,"#민감피부진정,#울트라 진정”촉촉”크림,#리얼 공병템,#SOS진정촉촉크림,#민감한눈가에도OK,#피부장벽강화크림,#100%밀폐특수용기,#똘러리앙",True,,"인공향,인공색소,파라벤,에탄올",/upload/product/main/2020/07/20200716_1559048_189.png뿌/upload/product/main/2020/07/20200716_1559049_190.png뿌/upload/product/main/2020/07/20200716_1601005_191.png뿌,True,False
에빠끌라,저자극 각질케어 토너+수분크림,건조한 트러블성 피부를 위한 피부보호 보습크림,,56000,"#각질케어,#트러블케어보습크림,#수분지속보습크림,#H크림,#보습빵빵크림,#에빠끌라",True,,"인공색소,파라벤,코메도제닉",/upload/product/main/2020/07/20200716_1549042_182.png뿌/upload/product/main/2020/07/20200716_1549043_183.png뿌/upload/product/main/2020/07/20200716_1550004_184.png뿌/upload/product/main/2020/07/20200716_1550026_185.png뿌/upload/product/main/2020/07/20200716_1550054_186.png뿌,False,False
에빠끌라,피지컨트롤토너+수분크림,"산뜻한 피부결 정돈 모공케어 토너, 논코메도제닉",,59000,"#피지케어,#매티파잉토너,#번들거림NO,#유분잡는토너,#지성피부를위한,#에빠끌라",True,,인공향,/upload/product/main/2020/07/20200716_1832059_213.png뿌/upload/product/main/2020/06/20200713_1705014_050.png뿌/upload/product/main/2020/06/20200713_1705014_056.png뿌/upload/product/main/2020/06/20200713_1705014_057.png뿌/upload/product/main/2020/06/20200713_1705014_058.png뿌,True,False
에빠끌라,트러블집중케어세트,유럽 NO.1* 트러블 케어 에센스 (미백 기능성),,43000,"#트러블케어에센스,#유럽NO1에센스,#미백에센스,#다크스팟케어,#에빠끌라",True,,"인공색소,파라벤,코메도제닉",/upload/product/main/2020/07/20200717_1742022_227.png뿌/upload/product/main/2020/07/20200713_1703050_036.png뿌/upload/product/main/2020/07/20200713_1703050_043.png뿌/upload/product/main/2020/07/20200713_1703051_046.png뿌/upload/product/main/2020/07/20200713_1703051_049.png뿌,True,False
에빠끌라,DAY & NIGHT 클렌저 세트,풍부한 거품의 피지조절 폼 클렌저,,44000,"#피지제거포밍크림,#딥클렌징,#과다피지컨트롤,#지성피부를위한,#에빠끌라",True,,인공색소,/upload/product/main/2020/07/20200717_1730009_222.png뿌/upload/product/main/2020/07/20200713_1702049_027.png뿌/upload/product/main/2020/07/20200713_1702049_033.png뿌/upload/product/main/2020/07/20200713_1702049_034.png뿌/upload/product/main/2020/07/20200713_1702049_035.png뿌,True,False
에빠끌라,BEST 3-Step 세트,"산뜻한 피부결 정돈 모공케어 토너, 논코메도제닉",69300,77000,"#피지케어토너,#매티파잉토너,#번들거림NO,#유분잡는토너,#지성피부를위한,#에빠끌라",True,True,인공향,/upload/product/main/2020/07/20200716_1450038_174.png뿌/upload/product/main/2020/06/20200713_1701023_018.png뿌/upload/product/main/2020/06/20200713_1701023_024.png뿌/upload/product/main/2020/06/20200713_1701023_025.png뿌/upload/product/main/2020/06/20200713_1701023_026.png뿌,True,False
에빠끌라,듀오[+] 에센스+샘플2종증정,유럽 NO.1* 트러블 케어 에센스 (미백 기능성),,25000,"#트러블케어에센스,#유럽NO1에센스,#미백에센스,#다크스팟케어,#에빠끌라",True,,"인공색소,파라벤,코메도제닉",/upload/product/main/2020/07/20200716_1728008_212.png뿌/upload/product/main/2020/07/20200713_1659042_004.png뿌/upload/product/main/2020/07/20200713_1659042_011.png뿌/upload/product/main/2020/07/20200713_1659042_014.png뿌/upload/product/main/2020/07/20200713_1659042_017.png뿌,True,False
똘러리앙,트래블 키트,초미세먼지까지 95%* 제거하는 저자극 폼 클렌저,,9500,"#여름맞이 NEW 트래블키트,#미세미세클렌저,#저자극포밍크림,#초미세먼지95%제거,#피부진정클렌저,#민감피부클렌저,#똘러리앙",True,,"인공향,인공색소,파라벤",/upload/product/main/2020/07/20200709_1004024_002.png뿌/upload/product/main/2020/06/20200707_1122024_088.jpg뿌,True,False
세로징크,세범 컨트롤 토닝 미스트 50ml,피지조절·일시적인 모공수축·유수분 밸런스를 조절하는 기름종이 미스트,5295,9000,"#신규회원할인,#세범컨트롤토닝미스트,#피지잡는미스트,#아연미스트,#세로징크",,True,인공향,/upload/product/main/2020/07/20200701_0933000_115.png뿌/upload/product/main/2020/07/20200701_0022031_108.png뿌/upload/product/main/2020/07/20200701_0022051_109.png뿌/upload/product/main/2020/07/20200701_0023011_110.png뿌/upload/product/main/2020/07/20200701_0023032_111.png뿌,False,False
시카플라스트,젤 B5 기획 세트,피부 진정 및 보호 젤,,22000,"#피부진정보호젤,#피부과 관리 후 사용 가능젤,#진정부터손상케어까지,#시카젤,#시카플라스트",True,,"인공향,파라벤",/upload/product/main/2020/04/20200429_1739030_209.png뿌/upload/product/main/2020/06/20200630_1623049_653.png뿌/upload/product/main/2020/06/20200630_1624009_655.png뿌/upload/product/main/2020/06/20200630_1624022_657.png뿌/upload/product/main/2020/06/20200630_1624035_658.png뿌,False,False
안뗄리오스,인비저블 플루이드 + 45ml샘플증정,바른 듯 안 바른 듯 산뜻한 선 크림,,32000,"#라이트선크림,#여러번덧발라도가볍다,#백탁없어요,#흔들어쓰세요,#안뗄리오스",True,,코메도제닉,/upload/product/main/2020/07/20200716_1651005_205.png뿌/upload/product/main/2020/07/20200716_1651005_206.png뿌/upload/product/main/2020/07/20200716_1651025_207.png뿌/upload/product/main/2020/07/20200716_1652040_208.png뿌,False,False
똘러리앙,울트라 로션 [200ml],저자극 고보습 & 진정 토너,,27000,"#24시간 수분지속,#수분공급,#울트라수딩,#수분장벽강화,#민감피부진정,#피부진정토너,#진정과보습한방에,#민감피부토너,#똘러리앙",,,"인공향,인공색소,파라벤",/upload/product/main/2020/07/20200720_1033054_253.png뿌/upload/product/main/2020/07/20200720_1033054_254.png뿌/upload/product/main/2020/07/20200720_1034009_255.png뿌/upload/product/main/2020/07/20200720_1034033_256.png뿌/upload/product/main/2020/07/20200720_1035004_257.png뿌,False,False
똘러리앙,울트라 로션 [400ml],저자극 고보습 & 진정 토너,,45000,"#24시간 수분지속,#수분공급,#울트라수딩,#수분장벽강화,#민감피부진정,#피부진정토너,#진정과보습한방에,#민감피부토너",,,"인공향,인공색소,파라벤",/upload/product/main/2020/06/20200630_1650018_727.png뿌/upload/product/main/2020/06/20200630_1650018_728.png뿌/upload/product/main/2020/06/20200630_1650044_730.png뿌/upload/product/main/2020/06/20200630_1651013_732.png뿌/upload/product/main/2020/06/20200630_1651043_735.png뿌,False,False
시카플라스트,마스크 B5 시트 (민감 피부 저자극 진정 마스크),시카의 힘을 시트 한 장에 담다,,5000,"#한 장으로 경험하는 시카의 힘,#시카의 힘을 시트 한 장에 담다",,,"파라벤,코메도제닉",/upload/product/main/2020/06/20200630_1650004_724.png뿌/upload/product/main/2020/06/20200630_1650005_725.png뿌/upload/product/main/2020/06/20200630_1650017_726.png뿌/upload/product/main/2020/06/20200630_1650029_729.png뿌/upload/product/main/2020/06/20200630_1650051_731.png뿌,False,True
오 떼르말,온천수 미스트 [100ml]+45ml 샘플 증정,탁월한 피부진정 효과의 100% 라로슈포제 온천수,,11000,"#진정미스트,#라로슈포제온천수,#프랑스가사랑하는온천수,#스킨리밸런싱,#오떼르말",True,,"인공향,파라벤",/upload/product/main/2020/06/20200630_1602051_571.png뿌/upload/product/main/2020/06/20200630_1602051_572.png뿌/upload/product/main/2020/06/20200630_1603010_573.png뿌/upload/product/main/2020/06/20200630_1603023_574.png뿌/upload/product/main/2020/06/20200630_1603039_575.png뿌,False,False
똘러리앙,NEW! 울트라 8 에센스,"진정, 보습, 보호에 탁월한 8가지 에센셜로 만든 민감피부 터치리스 워터에센스, (미세먼지 흡착 방지) (2019년 5월 27일 출시)",,29000,"#터치리스 워터 에센水,#진정 보습 보호,#手 없는 水,#미세먼지 흡착방지",,,"인공향,인공색소,에탄올",/upload/product/main/2020/06/20200630_1659014_746.png뿌/upload/product/main/2020/06/20200630_1659014_747.png뿌/upload/product/main/2020/06/20200630_1659029_748.png뿌/upload/product/main/2020/06/20200630_1659043_749.png뿌/upload/product/main/2020/06/20200630_1659057_750.png뿌,False,False
세로징크,세범 컨트롤 토닝 미스트 150ml,피지조절·일시적인 모공수축·유수분 밸런스를 조절하는 기름종이 미스트,12900,17000,"#기름종이미스트,#세범컨트롤토닝미스트,#피지잡는미스트,#아연미스트,#세로징크",,True,인공향,/upload/product/main/2020/06/20200630_1622056_648.png뿌/upload/product/main/2020/06/20200630_1622056_649.png뿌/upload/product/main/2020/06/20200630_1623033_652.png뿌/upload/product/main/2020/06/20200630_1623053_654.png뿌/upload/product/main/2020/06/20200630_1624012_656.png뿌,False,False
세로징크,세범 컨트롤 토닝 미스트 50ml,피지조절·일시적인 모공수축·유수분 밸런스를 조절하는 기름종이 미스트,6900,9000,"#기름종이미스트,#세범컨트롤토닝미스트,#피지잡는미스트,#아연미스트,#세로징크",,True,인공향,/upload/product/main/2020/07/20200701_0933021_116.png뿌/upload/product/main/2020/06/20200630_1620052_637.png뿌/upload/product/main/2020/06/20200630_1621015_639.png뿌/upload/product/main/2020/06/20200630_1621040_641.png뿌/upload/product/main/2020/06/20200630_1622005_644.png뿌,False,False
똘러리앙,센시티브 플루이드,피부 진정 및 당김을 완화시키는 번들거림 없는 산뜻한 밀키로션,,29000,"#민감진정밀키로션,#밀키보습로션,#번들거림제로,#민감피부로션,#똘러리앙",True,,"인공향,인공색소",/upload/product/main/2020/06/20200630_1700051_751.png뿌/upload/product/main/2020/06/20200630_1700052_752.png뿌/upload/product/main/2020/06/20200630_1701011_753.png뿌/upload/product/main/2020/06/20200630_1701025_754.png뿌/upload/product/main/2020/06/20200630_1701045_755.png뿌,False,False
똘러리앙,센시티브 리치,민감한 피부를 위한 리치 타입의 수분크림,,25000,"#민감진정리치크림,#진정보습영양까지,#3in1,#민감피부보습크림,#똘러리앙",,,"인공향,인공색소",/upload/product/main/2020/06/20200630_1703014_758.png뿌/upload/product/main/2020/06/20200630_1703015_759.png뿌/upload/product/main/2020/06/20200630_1703033_761.png뿌/upload/product/main/2020/06/20200630_1731042_006.png뿌/upload/product/main/2020/06/20200630_1732008_007.png뿌,False,False
안뗄리오스,하이드레이팅 크림,자극받기 쉬운 피부보호를 위한 데일리 자외선 차단 크림,,36000,"#데일리자외선차단제,#안뗄리오스",True,,"인공향,인공색소",/upload/product/main/2020/07/20200714_1048025_129.png뿌/upload/product/main/2020/07/20200701_0018047_105.png뿌/upload/product/main/2020/07/20200701_0019008_106.png뿌/upload/product/main/2020/07/20200714_1348034_140.png뿌,False,False
똘러리앙,플루이드 파운데이션 (11호) [병원판매제품],피부 진정/잡티 커버 SPF 25 파운데이션 (붉은 피부 커버),,29000,"#민감피부진정파데11,#UV차단파데,#붉은피부톤파데,#잡티커버파데,#똘러리앙",True,,"인공향,코메도제닉",/upload/product/main/2020/06/20200630_1732050_008.png뿌/upload/product/main/2020/06/20200630_1732050_009.png뿌/upload/product/main/2020/06/20200630_1733045_010.png뿌/upload/product/main/2020/06/20200630_1736021_011.png뿌/upload/product/main/2020/06/20200630_1736039_012.png뿌,False,False
똘러리앙,플루이드 파운데이션 (10호) [병원판매제품],피부 진정/잡티 커버 SPF 25 파운데이션 (노란 피부톤 및 잡티 많은 피부),,29000,"#민감피부진정파데10,#UV차단파데,#노란피부톤파데,#잡티커버파데,#똘러리앙",True,,"인공향,코메도제닉",/upload/product/main/2020/06/20200630_1737021_013.png뿌/upload/product/main/2020/06/20200630_1737021_014.png뿌/upload/product/main/2020/06/20200630_1737041_017.png뿌/upload/product/main/2020/06/20200630_1737058_018.png뿌/upload/product/main/2020/06/20200630_1738020_019.png뿌,False,False
에빠끌라,H 멀티 컴펜세이팅 수딩 모이스춰라이저,건조한 트러블성 피부를 위한 피부보호 보습크림,,29000,"#트러블케어보습크림,#수분지속보습크림,#H크림,#보습빵빵크림,#에빠끌라",,,"인공색소,파라벤,코메도제닉",/upload/product/main/2020/06/20200630_1625027_660.png뿌/upload/product/main/2020/06/20200630_1625028_661.png뿌/upload/product/main/2020/06/20200630_1625042_662.png뿌/upload/product/main/2020/06/20200630_1625056_664.png뿌/upload/product/main/2020/06/20200630_1626010_665.png뿌,True,False
미셀라 클렌징워터,울트라 센시티브 [200ml],단 1장의 솜으로 99% 저자극 클렌징 (민감성 및 모든피부용),,19000,"#저자극클렌징워터,#무슨水를쓴거야,#단한장의솜으로,#메이크업99%*제거,#민감성피부용",,,"인공색소,파라벤",/upload/product/main/2020/07/20200701_1035003_121.png뿌/upload/product/main/2020/06/20200630_1552052_541.png뿌/upload/product/main/2020/06/20200630_1553024_542.png뿌/upload/product/main/2020/06/20200630_1553052_543.png뿌/upload/product/main/2020/07/20200701_1745004_168.png뿌,False,False
똘러리앙,울트라 크림 [촉촉],피부 진정 및 피부 장벽을 강화시켜주는 크림 (촉촉한 타입),,29000,"#울트라 진정”촉촉”크림,#리얼 공병템,#SOS진정촉촉크림,#민감한눈가에도OK,#피부장벽강화크림,#100%밀폐특수용기,#똘러리앙",,,"인공향,인공색소,파라벤,에탄올",/upload/product/main/2020/07/20200720_1008040_238.png뿌/upload/product/main/2020/07/20200720_1008040_239.png뿌/upload/product/main/2020/07/20200720_1008057_240.png뿌/upload/product/main/2020/07/20200720_1009014_241.png뿌/upload/product/main/2020/07/20200720_1009037_242.png뿌,True,False
똘러리앙,퓨리파잉 포밍 크림,초미세먼지까지 95%* 제거하는 저자극 폼 클렌저,,25000,"#미세미세클렌저,#저자극포밍크림,#초미세먼지95%제거,#피부진정클렌저,#민감피부클렌저,#똘러리앙",,,"인공향,인공색소,파라벤",/upload/product/main/2020/07/20200720_1010034_243.png뿌/upload/product/main/2020/07/20200720_1010034_244.png뿌/upload/product/main/2020/07/20200720_1010059_246.png뿌/upload/product/main/2020/07/20200720_1011030_247.png뿌,True,False
리더믹,C 에센스,민감한 피부를 위한 탄력 에센스,,59000,"#탄력에센스,#비타민C에센스,#민감피부에센스,#탱탱해져요,#리더믹",,,파라벤,/upload/product/main/2020/06/20200630_1605040_581.png뿌/upload/product/main/2020/06/20200630_1605040_582.png뿌/upload/product/main/2020/06/20200630_1605056_583.png뿌/upload/product/main/2020/06/20200630_1606013_584.png뿌/upload/product/main/2020/06/20200630_1606031_585.png뿌,False,False
리더믹,C 아이 에센스,민감한 피부를 위한 탄력 아이 에센스,,45000,"#탄력아이에센스,#비타민C아이에센스,#민감피부아이에센스,#탱탱해져요,#리더믹",,,,/upload/product/main/2020/06/20200630_1556050_550.png뿌/upload/product/main/2020/06/20200630_1556050_551.png뿌/upload/product/main/2020/06/20200630_1557012_552.png뿌/upload/product/main/2020/06/20200630_1557029_555.png뿌/upload/product/main/2020/07/20200701_1719015_159.png뿌,True,False
시카플라스트,레브르 립밤,이중 보호 입술 립밤,,8000,"#이중보호립밤,#시카플라스트",,,"인공향,파라벤",/upload/product/main/2020/06/20200630_1610019_596.png뿌/upload/product/main/2020/06/20200630_1610020_597.png뿌/upload/product/main/2020/06/20200630_1610038_598.png뿌/upload/product/main/2020/06/20200630_1610055_599.png뿌,True,False
유비데아,XL 멜트인 크림 [수분] + 100ml샘플증정,푸석하고 거친 피부를 위한 UV+ 수분 썬크림 SPF50+ PA++++,,32000,"#순둥이자차,#수분선크림,#촉촉하고윤기나게,#푸석한피부를위한,#수분통통,#유비데아",True,,"인공향,코메도제닉",/upload/product/main/2020/06/20200630_1648045_719.png뿌/upload/product/main/2020/06/20200630_1648045_720.png뿌/upload/product/main/2020/06/20200630_1649001_721.png뿌/upload/product/main/2020/06/20200630_1649016_722.png뿌/upload/product/main/2020/06/20200630_1649030_723.png뿌,True,False
유비데아,XL 틴티드 크림 [톤보정] + 100ml샘플증정,어둡고 칙칙한 피부를 위한 UV+ 톤보정 썬크림 SPF50+ PA++++,,32000,"#쌩얼자차,#톤보정선크림,#칙칙한피부엔,#틴티드크림,#맑고자연스러운피부톤,#유비데아",True,,"인공향,코메도제닉",/upload/product/main/2020/06/20200630_1647007_712.png뿌/upload/product/main/2020/06/20200630_1647007_713.png뿌/upload/product/main/2020/06/20200630_1647021_714.png뿌/upload/product/main/2020/06/20200630_1647037_716.png뿌/upload/product/main/2020/06/20200630_1647052_717.png뿌,True,False
시카플라스트,밤 B5 크림 [100ml],"외부환경으로부터 자극받은 피부를 진정하고 개선하는 손상*케어크림*외부자극으로 인한 피부 가려움,건조함,거칠어짐",,32000,"#손상케어크림,#새로고침크림,#시카플라스트",,,,/upload/product/main/2020/07/20200701_0010055_099.png뿌/upload/product/main/2020/07/20200701_0010055_100.png뿌/upload/product/main/2020/07/20200701_0011016_101.png뿌/upload/product/main/2020/07/20200701_0011034_102.png뿌/upload/product/main/2020/07/20200701_1801003_177.png뿌,True,False
시카플라스트,밤 B5 크림 [40ml],"외부환경으로부터 자극받은 피부를 진정하고 개선하는 손상*케어크림*외부자극으로 인한 피부 가려움,건조함,거칠어짐",,19900,"#손상케어크림,#새로고침크림,#시카플라스트",,,,/upload/product/main/2020/06/20200630_1607012_586.png뿌/upload/product/main/2020/06/20200630_1607012_587.png뿌/upload/product/main/2020/06/20200630_1608031_592.png뿌/upload/product/main/2020/06/20200630_1608046_593.png뿌/upload/product/main/2020/07/20200701_1802040_178.png뿌,True,False
에빠끌라,MAT 세보 컨트롤링 모이스춰라이저,과다피지로 번들거리는 지성피부를 위한 피지 & 모공케어 크림,,29000,"#피지케어크림,#기름종이크림,#피지모공케어크림,#번들거림NO,#에빠끌라",True,,"인공색소,파라벤,코메도제닉",/upload/product/main/2020/07/20200702_1550013_211.png뿌/upload/product/main/2020/07/20200702_1550058_212.png뿌/upload/product/main/2020/07/20200702_1551040_213.png뿌/upload/product/main/2020/07/20200702_1552033_214.png뿌/upload/product/main/2020/07/20200702_1552058_215.png뿌,False,False
안뗄리오스,더모 페디아트릭스 레 [병원판매제품],자극받기 쉬운 피부를 위한 저자극 UV 케어 로션 (SPF 50+ PA++++),,38000,"#어린이선크림,#강력한자외선차단,#안뗄리오스",True,,"인공향,파라벤",/upload/product/main/2020/06/20200630_1643034_702.png뿌/upload/product/main/2020/06/20200630_1643034_703.png뿌/upload/product/main/2020/06/20200630_1646010_707.png뿌/upload/product/main/2020/06/20200630_1646025_708.png뿌,True,False
에빠끌라,A.I. 에센스,예민해진 부위에 직접 작용하는 스팟 트러블 케어 에센스,,18000,"#트러블케어스팟에센스,#미백에센스,#스팟에센스,#민감피부에센스,#에빠끌라",,,"인공색소,파라벤,코메도제닉",/upload/product/main/2020/06/20200630_1621047_642.png뿌/upload/product/main/2020/07/20200701_1716009_154.png뿌/upload/product/main/2020/07/20200701_1716041_155.png뿌/upload/product/main/2020/07/20200701_1717008_156.png뿌/upload/product/main/2020/07/20200701_1717035_157.png뿌,True,False
에빠끌라,딥 클렌징 포밍 크림,풍부한 거품의 피지조절 폼 클렌저,,22000,"#피지제거포밍크림,#딥클렌징,#과다피지컨트롤,#지성피부를위한,#에빠끌라",True,,인공색소,/upload/product/main/2020/07/20200701_1039015_123.png뿌/upload/product/main/2020/07/20200701_1039015_124.png뿌/upload/product/main/2020/07/20200701_1039050_125.png뿌/upload/product/main/2020/07/20200701_1040016_126.png뿌/upload/product/main/2020/07/20200701_1040041_127.png뿌,True,False
에빠끌라,클래리파잉 로션 [병원판매제품],"산뜻한 피부결 정돈 모공케어 토너, 논코메도제닉",,30000,"#피지케어토너,#매티파잉토너,#번들거림NO,#유분잡는토너,#지성피부를위한,#에빠끌라",,,인공향,/upload/product/main/2020/06/20200630_1641030_694.png뿌/upload/product/main/2020/06/20200630_1641030_695.png뿌/upload/product/main/2020/06/20200630_1641047_696.png뿌/upload/product/main/2020/06/20200630_1642004_698.png뿌/upload/product/main/2020/06/20200630_1642020_699.png뿌,True,False
유비데아,XL BB 크림 [01호],UV차단케어 BB크림 SPF50+ PA++++,,32000,"#자외선차단BB크림,#자외선차단과,#피부보정을한번에,#번들거림NO,#유비데아",True,,"파라벤,코메도제닉",/upload/product/main/2020/06/20200630_1617018_621.png뿌/upload/product/main/2020/06/20200630_1617018_622.png뿌/upload/product/main/2020/06/20200630_1617035_623.png뿌/upload/product/main/2020/06/20200630_1617053_625.png뿌/upload/product/main/2020/06/20200630_1618010_626.png뿌,True,False
똘러리앙,울트라 오버나이트 크림,밤 사이 민감해진 피부를 편안하게 도와주는 나이트 전용 크림 (미백 기능성),,34000,"#민감피부 슬리핑 마스크,#울트라 ""나이트"" 크림,#SOS나이트미백크림,#민감한눈가에도OK,#밤사이편안하게,#100%밀폐특수용기,#똘러리앙",,,"인공향,인공색소,에탄올",/upload/product/main/2020/06/20200630_1740042_030.png뿌/upload/product/main/2020/06/20200630_1740042_031.png뿌/upload/product/main/2020/06/20200630_1741010_033.png뿌/upload/product/main/2020/06/20200630_1741023_034.png뿌/upload/product/main/2020/06/20200630_1741050_035.png뿌,False,False
시카플라스트,라방 B5 클렌저,민감한 피부를 위한 젤 타입의 저자극 폼 클렌저,,18000,"#저자극클렌저,#탑투토클렌저,#시카플라스트",,,"인공향,파라벤",/upload/product/main/2020/07/20200701_1613005_147.png뿌/upload/product/main/2020/07/20200701_1613006_148.png뿌/upload/product/main/2020/07/20200701_1614009_149.png뿌/upload/product/main/2020/07/20200701_1712059_151.png뿌/upload/product/main/2020/07/20200701_1713037_152.png뿌,False,False
에빠끌라,세보 컨트롤링 마스크,피지 흡착 모공 케어 클레이 마스크,,20000,"#모공정화마스크,#저자극마스크,#피지흡착마스크,#모공클렌징,#에빠끌라",,,파라벤,/upload/product/main/2020/07/20200702_1447009_196.png뿌/upload/product/main/2020/07/20200702_1447009_197.png뿌/upload/product/main/2020/07/20200702_1447029_198.png뿌/upload/product/main/2020/07/20200702_1447045_199.png뿌/upload/product/main/2020/07/20200702_1448003_200.png뿌,False,False
안뗄리오스,더모 페디아트릭스 웻스킨 젤로션,물과 땀에 강한 자외선 차단 젤 로션,,38000,"#바캉스선크림,#물과땀에강하다,#패밀리선크림,#대용량선크림,#안뗄리오스",True,,"인공향,파라벤",/upload/product/main/2020/06/20200630_1636025_686.png뿌/upload/product/main/2020/06/20200630_1636026_687.png뿌/upload/product/main/2020/06/20200630_1636041_690.png뿌/upload/product/main/2020/06/20200630_1636055_691.png뿌,True,False
미셀라 클렌징워터,울트라 센시티브 [400ml],단 1장의 솜으로 99% 저자극 클렌징 (민감성 및 모든피부용),,29000,"#저자극클렌징워터,#무슨水를쓴거야,#단한장의솜으로,#메이크업99%*제거,#민감성피부용",,,"인공색소,파라벤",/upload/product/main/2020/07/20200720_1014059_248.png뿌/upload/product/main/2020/07/20200720_1014059_249.png뿌/upload/product/main/2020/07/20200720_1015016_250.png뿌/upload/product/main/2020/07/20200720_1015035_251.png뿌/upload/product/main/2020/07/20200720_1015051_252.png뿌,True,False
미셀라 클렌징워터,울트라 리엑티브 [400ml],단 1장의 솜으로 98% 저자극 클렌징 (민감성 및 건성피부용),,29000,"#저자극클렌징워터,#무슨水를쓴거야,#단한장의솜으로,#메이크업98%*제거,#민감성피부용",,,"인공향,인공색소,파라벤",/upload/product/main/2020/06/20200630_1611045_600.png뿌/upload/product/main/2020/06/20200630_1611046_601.png뿌/upload/product/main/2020/06/20200630_1612003_602.png뿌/upload/product/main/2020/06/20200630_1612042_605.png뿌/upload/product/main/2020/07/20200701_1746055_170.png뿌,False,False
미셀라 클렌징워터,울트라 리엑티브 [200ml],단 1장의 솜으로 98% 저자극 클렌징 (민감성 및 건성피부용),,19000,"#저자극클렌징워터,#무슨水를쓴거야,#단한장의솜으로,#메이크업99%*제거,#민감성피부용",,,"인공향,인공색소,파라벤",/upload/product/main/2020/06/20200630_1554050_545.png뿌/upload/product/main/2020/06/20200630_1554051_546.png뿌/upload/product/main/2020/06/20200630_1555007_547.png뿌/upload/product/main/2020/06/20200630_1555025_548.png뿌/upload/product/main/2020/07/20200701_1748019_171.png뿌,False,False
똘러리앙,울트라 라이트 크림 [산뜻],피부 진정 및 피부 장벽을 강화시켜주는 크림 (산뜻한 타입),,29000,"#울트라 진정”산뜻”크림,#리얼 공병템,#SOS진정산뜻크림,#민감한눈가에도OK,#피부장벽강화크림,#100%밀폐특수용기,#똘러리앙",True,,"인공향,인공색소",/upload/product/main/2019/05/20190508_1335030_008.png뿌,False,False
똘러리앙,센시티브 크림,자극받아 민감해진 피부를 진정시켜주는 48시간 수분지속크림 (산뜻한 타입),,25000,"#민감진정수분크림,#센시티브크림,#민감피부용수분크림,#똘러리앙",,,"인공향,에탄올",/upload/product/main/2020/06/20200630_1738059_022.png뿌/upload/product/main/2020/06/20200630_1739000_023.png뿌/upload/product/main/2020/06/20200630_1739020_025.png뿌/upload/product/main/2020/06/20200630_1739037_026.png뿌/upload/product/main/2020/06/20200630_1739055_027.png뿌,False,False
유비데아,XL 톤업 라이트 크림+100ml샘플증정,가볍게 밝히고 메이크업은 착 붙이는 유비데아 XL 톤업 라이트 크림,,32000,"#꾸안꾸자차,#셀피톤업,#톤업메베,#라이트핏,#가볍게밝히고,#착붙이는,#유비데아",True,,"인공향,파라벤",/upload/product/main/2020/06/20200630_1633027_681.png뿌/upload/product/main/2020/06/20200630_1633028_682.png뿌/upload/product/main/2020/06/20200630_1633043_683.png뿌/upload/product/main/2020/06/20200630_1634007_684.png뿌/upload/product/main/2020/06/20200630_1635032_685.png뿌,False,False
에빠끌라,퓨리파잉 포밍 젤,민감한 트러블성 피부를 위한 저자극 약산성 클렌징 젤,,22000,"#트러블케어클렌징젤,#약산성클렌징젤,#민감피부포밍젤,#트러블피부를위한,#에빠끌라",,,"파라벤,코메도제닉",/upload/product/main/2020/07/20200702_1441033_191.png뿌/upload/product/main/2020/07/20200702_1441033_192.png뿌/upload/product/main/2020/07/20200702_1442002_193.png뿌/upload/product/main/2020/07/20200702_1442018_194.png뿌/upload/product/main/2020/07/20200702_1442041_195.png뿌,False,True
에빠끌라,H 리밸런싱 하이드레이션 로션,트러블성 피부를 위한 저자극 각질케어 & 피부결 정돈 수분토너 *24시간 보습지속 (* 18-70세 여성 24명을 대상으로 진행한 기기 평가 결과),,27000,"#저자극각질케어토너,#수부지토너,#24시간보습지속,#H토너,#에빠끌라",,,"인공향,인공색소,코메도제닉",/upload/product/main/2020/06/20200630_1627001_667.png뿌/upload/product/main/2020/06/20200630_1627002_668.png뿌/upload/product/main/2020/06/20200630_1627016_669.png뿌/upload/product/main/2020/06/20200630_1627030_670.png뿌/upload/product/main/2020/06/20200630_1627042_671.png뿌,False,False
